<?xml version="1.0"?>
<!--Created by Custom Compiler (TM), build , on Tue Mar  1 11:16:50 2022-->
<file-format version="1.0" name="testSuiteData">
 <comment></comment>
 <tsCategory></tsCategory>
 <version version="1.0"/>
 <attribute name="supportsGlobalScope" type="giBoolean" value="1"/>
 <testbenchOrder>
  <testbench name="Testbench1"/>
 </testbenchOrder>
 <category name="chainingSetup">
  <collection name="chainingSetup"/>
 </category>
 <category name="cornersSetup">
  <collection name="cornersSetup"/>
 </category>
 <category name="dpoAreas">
  <collection name="dpoAreas"/>
 </category>
 <category name="dpoObjectives">
  <collection name="dpoObjectives"/>
 </category>
 <category name="dpoParams">
  <collection name="dpoParams"/>
 </category>
 <category name="jobOptions">
  <object version="1" name="jobOptions" type="saJobOptions">
   <attribute name="dynConcurrent" type="giString" value=""/>
   <attribute name="dynExtraOptions" type="giString" value="default"/>
   <attribute name="dynJcName" type="giString" value=""/>
   <attribute name="dynQueueList" type="giString" value=""/>
   <attribute name="measurementsCalculationMode" type="giString" value="Background"/>
   <attribute name="measurementsCommandPrefix" type="giString" value=""/>
   <attribute name="measurementsDisplayName" type="giString" value=""/>
   <attribute name="measurementsDisplayType" type="saDisplayEnum" value="Current"/>
   <attribute name="measurementsDisplayWrapperScript" type="giString" value=""/>
   <attribute name="measurementsGridOptions" type="giString" value=""/>
   <attribute name="measurementsJobClass" type="giString" value="SAEShell"/>
   <attribute name="netlistingGridOptions" type="giString" value=""/>
   <attribute name="netlistingJobClass" type="giString" value="Netlisting"/>
   <attribute name="overrideLocal" type="giBoolean" value="0"/>
   <attribute name="remoteSimDir" type="giString" value="~/simulation"/>
   <attribute name="scratchDir" type="giString" value="/SCRATCH"/>
   <attribute name="simulationCommandPrefix" type="giString" value=""/>
   <attribute name="simulationGridOptions" type="giString" value=""/>
   <attribute name="simulationJobClass" type="giString" value="Simulation"/>
   <attribute name="useScratchDir" type="giBoolean" value="0"/>
   <attribute name="usedGlobalResource" type="giBoolean" value="1"/>
   <attribute name="usedSimResource" type="giBoolean" value="1"/>
  </object>
 </category>
 <category name="models">
  <object version="1" name="models" type="saModelSetup">
   <attribute name="includeGlobal" type="giBoolean" value="1"/>
   <attribute name="includePath" type="giString" value=""/>
   <collection name="modelFiles"/>
   <collection name="modelGroupDefs"/>
   <collection name="modelGroups"/>
  </object>
 </category>
 <category name="reports">
  <collection name="reports"/>
 </category>
 <category name="sweeps">
  <collection name="sweeps"/>
 </category>
 <category name="temperature">
  <object version="1" name="temperature" type="saTemperature">
   <attribute name="description" type="giString" value=""/>
   <attribute name="local" type="giBoolean" value="1"/>
   <attribute name="unit" type="giString" value="Celsius"/>
   <attribute name="value" type="giString" value="25"/>
  </object>
 </category>
 <category name="variables">
  <collection name="variables"/>
 </category>
 <category name="worstCaseAnalysis">
  <collection name="worstCaseAnalysis"/>
 </category>
 <attribute name="description" type="giString" value=""/>
 <attribute name="id" type="giString" value="session35"/>
 <attribute name="preRunProcsSourceFile" type="giString" value=""/>
 <attribute name="resultsDir" type="giString" value="~/simulation"/>
 <attribute name="runModeHistoryName" type="giString" value=""/>
 <attribute name="sequentialRunSetup" type="giString" value=""/>
 <attribute name="statesDir" type="giString" value=""/>
 <attribute name="uniqueName" type="giString" value="adder:adder_switch_tb:adder_simulation"/>
</file-format>
