<?xml version="1.0"?>
<!-- created by Custom Compiler (TM), build #, on Tue Mar  1 11:40:01 2022
-->
<synopsysFile version="1.0" name="synopsysFavoriteDevices">
        <favoriteDevices viewType="maskLayout"/>
        <favoriteDevices viewType="schematic">
                <cellView view="symbol" library="analogLib" cell="cap">
                        <alias name="cap"/>
                        <category name="Recently Placed"/>
                </cellView>
                <cellView view="symbol" library="analogLib" cell="gnd">
                        <alias name="gnd"/>
                        <category name="Recently Placed"/>
                </cellView>
                <cellView view="symbol" library="SAED_PDK_32_28" cell="pmos4t">
                        <alias name="pmos4t"/>
                        <category name="Recently Placed"/>
                </cellView>
                <cellView view="symbol" library="SAED_PDK_32_28" cell="nmos4t">
                        <alias name="nmos4t"/>
                        <category name="Recently Placed"/>
                </cellView>
                <cellView view="symbol" library="adder" cell="buffer">
                        <alias name="buffer"/>
                        <category name="Recently Placed"/>
                </cellView>
        </favoriteDevices>
</synopsysFile>
