<?xml version="1.0"?>
<!--Custom Compiler Version S-2021.09-->
<file-format version="2.0" name="synopsysPrefs"/>
<preferences>
	<pref name="dbGenerateCellViewEditor" value="Symbol Editor"/>
	<pref name="deDescendMode" value="auto"/>
	<pref name="deDescendRead" value="true"/>
	<pref name="dmNewLibTechLib" value="SAED_PDK_32_28"/>
	<pref name="dmNewLibTechType" value="lib"/>
	<pref name="giPromptCloseMultipleTabs" value="true"/>
	<pref name="leAbstractGenOptionSetDefault" value=""/>
	<pref name="seCreateInstDialogMode" value="false"/>
	<pref name="xtNetlistingPrefixes" value="background_netlisting pw_shell_netlist"/>
	<pref name="xtPDKProcess" value="SAED 32/28nm"/>
	<pref name="xtPDKVariant" value="1P10M"/>
	<pref name="xtSAEShellJobLimit" value="2"/>
	<pref name="xtSAEShellPrefixes" value="pw_shell_results_viewer"/>
	<pref name="xtSimulationPrefixes" value="HSIM HSPICE Nanosim Spectre VHDL Verilog XA FineSimPro FineSimProSpectre FineSimProVCS FineSimProVCSSpectre HSIMHSPICE PrimeSim PrimeSimVCS PrimeSimXA XAEldo XAHSPICE XASpectre XAVCSHSPICE"/>
</preferences>

