<?xml version="1.0"?>
<!-- created by Custom Compiler (TM), build #, on Tue Mar  1 11:39:58 2022
-->
<synopsysFile version="2.2" name="synopsysWorkspace">
    <workspace default="1" title="Layout" name="leLayout">
        <overlay windowType="leLayout"/>
    </workspace>
    <workspace default="1" title="Schematic" name="seSchematic">
        <overlay windowType="seSchematic">
            <dockArea side="left">
                <toolbarRow level="0">
                    <toolbar title="Schematic Capture" before="seEdit" name="seSchSchematicCapture"/>
                    <toolbar title="Editing" before="seSchCheck" name="seEdit" position="152"/>
                    <toolbar title="Check" name="seSchCheck" position="435"/>
                </toolbarRow>
            </dockArea>
            <dockArea size="1367 211" side="bottom">
                <assistantGroup>
                    <assistant floating="false" length="1367" show="false" name="giConsole" position="43"/>
                </assistantGroup>
            </dockArea>
            <dockArea size="290 467" side="right">
                <assistantGroup>
                    <assistant floating="false" name="dePropertyEditor"/>
                </assistantGroup>
            </dockArea>
            <dockArea side="top">
                <toolbarRow level="0">
                    <toolbar title="Standard" before="seNavigation" name="seSchStandard"/>
                    <toolbar title="Navigation" before="seHierarchy" name="seNavigation" position="263"/>
                    <toolbar title="Hierarchy" before="seSelection" name="seHierarchy" position="569"/>
                    <toolbar title="Selection" before="seObjectInfo" name="seSelection" position="854"/>
                </toolbarRow>
            </dockArea>
        </overlay>
    </workspace>
    <workspace default="1" title="Library Manager" name="dmLibraryManager">
        <overlay windowType="dmLibraryManager">
            <dockArea side="top">
                <toolbarRow level="0">
                    <toolbar title="Standard" name="dmLibraryManagerStandard"/>
                </toolbarRow>
            </dockArea>
        </overlay>
    </workspace>
    <workspace default="1" title="Text Editor Workspace" name="teWorkspace">
        <overlay windowType="teText"/>
    </workspace>
    <workspace default="0" title="Chaining" name="lxChaining">
        <overlay windowType="lxSymbolicEditor">
            <dockArea side="left">
                <assistantGroup>
                    <assistant floating="false" length="318" show="false" name="lxSEDSchematicAssistant" position="452"/>
                </assistantGroup>
                <assistantGroup>
                    <assistant floating="false" before="lxSEDSchematicAssistant" length="318" name="lxDevicePanelSDC" position="452" forWorkspace="true"/>
                </assistantGroup>
            </dockArea>
        </overlay>
    </workspace>
    <workspace default="0" title="Matching" name="lxMatching">
        <overlay windowType="lxSymbolicEditor">
            <dockArea side="left">
                <assistantGroup>
                    <assistant floating="false" length="318" show="false" name="lxSEDSchematicAssistant" position="452"/>
                </assistantGroup>
                <assistantGroup index="0">
                    <assistant floating="false" before="lxSEDSchematicAssistant" name="lxPatternPanelMDC" forWorkspace="true"/>
                    <assistant floating="false" name="lxDevicePanelMDC" forWorkspace="true"/>
                </assistantGroup>
            </dockArea>
            <dockArea side="top">
                <toolbarRow level="0">
                    <toolbar title="Grid Size" after="lxSelection" name="lxGridSizeMDC" forWorkspace="true"/>
                </toolbarRow>
            </dockArea>
        </overlay>
    </workspace>
    <workspace default="0" title="SDL" name="lxSDL">
        <overlay windowType="leLayout">
            <menuBar>
                <menu remove="false" title="SDL" before="giWindowMenu" name="lxSDLMenuLayout">
                    <action before="lxShowUpdateSchematic" name="lxShowGenerateLayout"/>
                    <action before="lxPickAndPlace" name="lxShowUpdateSchematic"/>
                    <action before="lxEstablishCorrespondence" name="lxPickAndPlace"/>
                    <action before="lxClone" name="lxEstablishCorrespondence"/>
                    <action before="lxSplitDevice" show="false" name="lxClone"/>
                    <action before="lxSDLMapping" name="lxSplitDevice"/>
                    <action before="lxApplyPresetParams" name="lxSDLMapping"/>
                    <action before="lxOptions" name="lxApplyPresetParams"/>
                    <action before="giSeparator" name="lxOptions"/>
                    <action before="lxSymbolicEditorLEMenu" name="giSeparator"/>
                    <action before="lxViaTrackPlanner" name="lxSymbolicEditorLEMenu"/>
                    <action before="giSeparator" name="lxViaTrackPlanner"/>
                    <action before="giSeparator" name="lxECOMenuLay"/>
                    <action before="giSeparator" name="deProbeCascade"/>
                    <action name="lxLogicalSource"/>
                </menu>
            </menuBar>
            <dockArea side="left">
                <toolbarRow level="0">
                    <toolbar title="SDL" name="lxSDLToolbarLayout" forWorkspace="true"/>
                </toolbarRow>
                <assistantGroup>
                    <assistant floating="false" length="318" name="lxSchematicAssistant" position="452" forWorkspace="true"/>
                </assistantGroup>
                <assistantGroup>
                    <assistant floating="false" before="lxSchematicAssistant" length="318" name="heDesignNavigator" position="452"/>
                </assistantGroup>
            </dockArea>
            <dockArea side="right">
                <assistantGroup index="0">
                    <assistant floating="false" name="lxTemplateManager" forWorkspace="true"/>
                    <assistant floating="false" name="lxTemplateBrowser" forWorkspace="true"/>
                </assistantGroup>
            </dockArea>
        </overlay>
    </workspace>
    <workspace default="0" title="SDL" name="lxSDLseSchematic">
        <overlay windowType="seSchematic">
            <menuBar>
                <menu remove="false" title="SDL" before="giWindowMenu" name="lxSDLMenuSchematic">
                    <action before="giSeparator" name="lxECOMenuSch"/>
                    <action before="deProbeCascade" name="giSeparator"/>
                    <action before="giSeparator" name="deProbeCascade"/>
                    <action name="lxInitializeFromSchematic"/>
                </menu>
            </menuBar>
        </overlay>
    </workspace>
    <workspace default="0" title="UDD" name="ueUDDWorkspace">
        <overlay windowType="leLayout">
            <dockArea side="left">
                <assistantGroup>
                    <assistant floating="false" name="ueUDDAssistant" forWorkspace="true"/>
                </assistantGroup>
            </dockArea>
        </overlay>
    </workspace>
    <workspace default="0" title="Template" name="deTemplateWorkspaceLayout">
        <overlay windowType="leLayout">
            <dockArea side="left">
                <assistantGroup>
                    <assistant floating="false" show="false" name="deTemplateAttributes" forWorkspace="true"/>
                </assistantGroup>
            </dockArea>
        </overlay>
    </workspace>
    <workspace default="0" title="Template" name="deTemplateWorkspaceSchematic">
        <overlay windowType="seSchematic">
            <dockArea side="left">
                <assistantGroup>
                    <assistant floating="false" show="false" name="deTemplateAttributes" forWorkspace="true"/>
                </assistantGroup>
            </dockArea>
        </overlay>
    </workspace>
</synopsysFile>
