<?xml version="1.0"?>
<!--Created by Custom Compiler (TM), build , on Tue Mar  1 11:39:57 2022-->
<file-format version="1.0" name="stateCategory">
 <object type="saModelSetup" version="1" name="models">
  <attribute type="giBoolean" value="1" name="includeGlobal"/>
  <attribute type="giString" value="/PDK/SAED_PDK32nm/hspice" name="includePath"/>
  <collection name="modelFiles">
   <object type="saModelFile" version="1" name="modelFiles">
    <attribute type="giBoolean" value="1" name="enabled"/>
    <attribute type="giString" value="saed32nm.lib" name="filename"/>
    <attribute type="giString" value="TT" name="section"/>
   </object>
  </collection>
  <collection name="modelGroupDefs"/>
  <collection name="modelGroups"/>
 </object>
</file-format>
