<?xml version="1.0"?>
<!--Created by Custom Compiler (TM), build , on Tue Mar  1 11:39:57 2022-->
<file-format version="1.0" name="stateData">
 <attribute type="giString" value="" name="description"/>
 <attribute type="dmCellView" value="adder/adder_switch_tb/schematic" name="design"/>
 <attribute type="giBoolean" value="1" name="enabled"/>
 <attribute type="giBoolean" value="0" name="enabledJobClass"/>
 <attribute type="giString" value="" name="migratedSimulator"/>
 <attribute type="giString" value="PrimeSim_Testbench1" name="name"/>
 <attribute type="dmCellView" value="adder/adder_switch_tb/PrimeSim_Testbench1" name="openaccessState"/>
 <attribute type="giString" value="PrimeSim" name="simulator"/>
 <comment>Testbench of 'adder_simulation1' test suite.</comment>
 <integration version="1"/>
</file-format>
