<?xml version="1.0"?>
<!--Created by Custom Compiler (TM), build , on Tue Mar  1 11:16:50 2022-->
<file-format version="1.0" name="stateCategory">
 <object version="1" name="designVariables" type="saDesignVariables">
  <attribute name="variableSet" type="giString" value="default"/>
  <collection name="variableSets">
   <object version="1" name="variableSets" type="saDesignVariableSet">
    <collection name="designVariables"/>
    <attribute name="name" type="giString" value="default"/>
   </object>
  </collection>
 </object>
</file-format>
