<?xml version="1.0"?>
<!--Created by Custom Compiler (TM), build , on Tue Mar  1 11:16:50 2022-->
<file-format version="1.0" name="stateCategory">
 <object version="1" name="environmentOptions" type="saEnvironmentOptions">
  <attribute name="accuracyLevel" type="giString" value="Default"/>
  <attribute name="auto" type="giBoolean" value="0"/>
  <attribute name="commandLineOptions" type="giString" value=""/>
  <attribute name="enableParallelSim" type="giBoolean" value="0"/>
  <attribute name="ignoreParasitics" type="giBoolean" value="0"/>
  <attribute name="includePath" type="giString" value=""/>
  <attribute name="netlistLanguage" type="giString" value="HSPICE"/>
  <attribute name="numProcesses" type="giInt" value="1"/>
  <attribute name="outputDataFormat" type="giString" value="wdf"/>
  <attribute name="stopViewList" type="giString" value="hspice hspiceD"/>
  <attribute name="switchViewList" type="giString" value="hspice hspiceD schematic spice veriloga"/>
  <attribute name="use64Bit" type="giBoolean" value="1"/>
 </object>
</file-format>
