<?xml version="1.0"?>
<!--Created by Custom Compiler (TM), build , on Tue Mar  1 11:16:50 2022-->
<file-format version="1.0" name="stateData">
 <attribute name="description" type="giString" value=""/>
 <attribute name="design" type="dmCellView" value="adder/adder_switch_tb/schematic"/>
 <attribute name="enabled" type="giBoolean" value="1"/>
 <attribute name="enabledJobClass" type="giBoolean" value="0"/>
 <attribute name="migratedSimulator" type="giString" value=""/>
 <attribute name="name" type="giString" value="Testbench1"/>
 <attribute name="openaccessState" type="dmCellView" value="//"/>
 <attribute name="simulator" type="giString" value="PrimeSim"/>
 <comment>Testbench of 'adder_simulation' test suite.</comment>
 <integration version="1"/>
</file-format>
