<?xml version="1.0"?>
<!--Created by Custom Compiler (TM), build , on Tue Mar  1 11:16:50 2022-->
<file-format version="1.0" name="stateCategory">
 <object version="1" name="threeDimens" type="saThreeDimensSetup">
  <collection name="saThreeDimensCellRows"/>
  <object version="1" name="saThreeDimensInstances" type="saThreeDimensSetupIntanceNode">
   <attribute name="instanceName" type="giString" value="root"/>
   <attribute name="moduleType" type="giString" value=""/>
   <object version="1" name="sa3DicModel" type="saThreeDimensTableRow">
    <attribute name="enabled" type="giBoolean" value="1"/>
    <attribute name="geoshrink" type="giString" value=""/>
    <attribute name="moduleType" type="giString" value=""/>
    <attribute name="name" type="giString" value=""/>
    <attribute name="processLib" type="giString" value=""/>
    <object version="1" name="saModelGroup" type="saModelGroup">
     <attribute name="enabled" type="giBoolean" value="1"/>
     <attribute name="name" type="giString" value=""/>
     <attribute name="nominalSection" type="giString" value=""/>
    </object>
    <object version="1" name="saModelGroupDef" type="saModelGroupDef">
     <collection name="files"/>
     <attribute name="includePath" type="giString" value=""/>
     <attribute name="name" type="giString" value=""/>
     <attribute name="readOnly" type="giBoolean" value="0"/>
     <collection name="sections"/>
    </object>
    <attribute name="scale" type="giString" value=""/>
    <attribute name="temperature" type="giString" value=""/>
    <attribute name="tnom" type="giString" value=""/>
   </object>
   <collection name="saThreeDimensSubNodes"/>
   <attribute name="sonHasVar" type="giBoolean" value="0"/>
  </object>
  <collection name="saThreeDimensTableRows"/>
 </object>
</file-format>
